accent,domain,model,raw_wer,adjusted_wer
overall,all,baseline,0.37724038307206675,0.3313359370820181
hausa,clinical,baseline,0.4388789505068575,0.41562313655336913
hausa,general,baseline,0.26339285714285715,0.19642857142857142
igbo,clinical,baseline,0.3890301489284417,0.349800217944061
igbo,general,baseline,0.3474004051316678,0.2937204591492235
yoruba,clinical,baseline,0.43838489774514944,0.40482433141059254
yoruba,general,baseline,0.3501290028835939,0.294885415085749
overall,all,fine-tuned,0.2065700069552191,0.206516505269916
hausa,clinical,fine-tuned,0.28622540250447226,0.28622540250447226
hausa,general,fine-tuned,0.10491071428571429,0.10491071428571429
igbo,clinical,fine-tuned,0.22775154377043225,0.22775154377043225
igbo,general,fine-tuned,0.1826468602295746,0.18230925050641458
yoruba,clinical,fine-tuned,0.2535395909805978,0.2535395909805978
yoruba,general,fine-tuned,0.17483684929427834,0.17483684929427834
